material_design_section,system_design_aspect,property,constraint,relation,content
Senior,Typography,Text,hard,SDF-G1-1,본문 텍스트는 가독성이 확보되도록 충분히 크고 굵게 제공한다. 고령자는 수정체 조절 근력이 약해져 작은 글자에 초점을 맞추기 어렵다.
Senior,Text,Text,hard,SDF-G1-2,화면을 확대해도 글자가 깨지거나 레이아웃 구성이 달라지지 않아야 한다. 고정 픽셀 대신 확대에 대응하는 단위를 사용한다.
Senior,Color,Color,hard,SDF-G1-3,글자와 배경 간 명도와 색상은 뚜렷한 차이를 가져야 한다. 60세는 20세보다 3배 이상 밝은 빛을 필요로 한다.
Senior,Typography,Text,hard,SDF-G1-4,"필기체, 흘림체와 같이 복잡한 형태의 글꼴은 사용하지 않는다. 획이 단순하고 자간이 넓은 글꼴을 사용한다."
Senior,Structure,Group,hard,SDF-G2-1,사용자의 현재 과업과 관련이 없는 요소는 제거한다. 고령자는 선택적 주의 집중력이 약화되어 인지적 과부하를 겪는다.
Senior,Structure,Group,hard,SDF-G2-2,사용자의 목적이 첫 화면 또는 주 메뉴에 드러나도록 구성한다. 부가 정보는 화면의 주된 흐름에서 분리한다.
Senior,Layout,Group,hard,SDF-G2-3,한 화면에 제시하는 정보와 선택지의 수를 제한한다. 불필요한 요소로 인한 혼란이나 시행착오를 줄인다.
Senior,Layout,Spacing,hard,SDF-G2-4,화면의 요소 밀도를 낮추어 시각적 부담을 줄인다. 요소 간 여백을 충분히 확보한다.
Senior,Structure,Group,hard,SDF-G3-1,정보 구조는 많은 분류와 깊은 계층을 갖지 않아야 한다. 고령자는 단기 기억력을 요구하는 깊은 메뉴 구조를 어려워한다.
Senior,Structure,Group,hard,SDF-G3-2,정보는 명확하고 보편적인 기준으로 분류한다. 생소한 분류 체계를 새로 학습하게 하지 않는다.
Senior,Structure,Group,hard,SDF-G3-3,상위 분류와 하위 분류 간 논리적 관계를 일관되게 유지한다.
Senior,Layout,Group,hard,SDF-G3-4,같은 성격의 요소와 다른 성격의 요소 간 시각적 관계를 명확하게 표현한다.
Senior,Structure,Group,hard,SDF-G3-5,이미 학습된 사용자 경험을 활용한다. 널리 통용되는 배치와 조작 방식에서 벗어나지 않는다.
Senior,Label,Label,hard,SDF-G4-1,"외국어, 약어, 비속어, 신조어를 지양하고 최대한 쉬운 일상 용어를 사용한다. 고령자는 작업기억 용량이 제한적이어서 생소한 어휘 처리에 시간이 걸린다."
Senior,Label,Label,hard,SDF-G4-2,고령자에게 익숙하지 않은 알파벳 영어 표기를 지양하고 한글을 사용한다.
Senior,Label,Label,hard,SDF-G4-3,같은 대상을 가리키는 용어는 화면이 바뀌어도 항상 동일하게 제공한다.
Senior,Text,Text,hard,SDF-G4-4,전문 용어나 행정 용어를 사용해야 하는 경우 그 자리에서 쉬운 말로 풀어 설명한다.
Senior,Text,Text,hard,SDF-G4-5,복잡한 구문 구조를 피하고 한 문장에 하나의 내용만 담는다.
Senior,Flow,Group,hard,SDF-G5-1,"이전, 현재, 다음 과정을 신속하게 파악할 수 있어야 한다. 여러 단계로 구성된 과업에는 진행 단계를 표시한다."
Senior,Flow,Group,hard,SDF-G5-2,사용자 행동의 결과를 미리 알 수 있어야 한다. 버튼을 누르기 전에 무엇이 일어날지 예측 가능해야 한다.
Senior,Layout,Group,hard,SDF-G5-3,현재 과업의 핵심 요소는 눈에 잘 띄는 곳에 배치한다.
Senior,Flow,Clickable,hard,SDF-G5-4,하나의 조작기능이 여러 가지 기능을 수행하지 않도록 한다. 하나의 컨트롤은 하나의 결과만 갖는다.
Senior,Shape,Clickable,hard,SDF-G6-1,조작기능은 눌러야 한다는 것을 알 수 있는 시각적 표현을 갖는다. 고령자는 시각 정보에서 미세한 차이를 구분하기 어렵다.
Senior,Label,Clickable,hard,SDF-G6-2,"링크와 버튼이 존재하는 텍스트는 밑줄, 색상 등 구분 요소를 제공한다."
Senior,Shape,Clickable,hard,SDF-G6-3,조작이 불가능한 요소는 조작 가능한 것처럼 보이지 않아야 한다. 기능이 없는 구성 요소와 명확히 구분한다.
Senior,Icon,Icon,hard,SDF-G6-4,"아이콘은 관습과 학습된 경험에 부합하는 형태를 사용하고, 아이콘만으로 기능을 표현하지 않는다. 다만 아이콘 근처에 그 기능을 설명하는 텍스트가 이미 있으면 중복해 추가하지 않는다. 텍스트를 추가할 때는 주변 배경과의 명도 대비를 반드시 함께 지정한다."
Senior,Layout,Clickable,hard,SDF-G7-1,중요한 조작기능은 조작 오류가 발생하지 않도록 충분한 크기를 갖는다. 고령자는 손 떨림으로 정교한 터치가 어렵다.
Senior,Layout,Spacing,hard,SDF-G7-2,조작기능 간 간격은 인접한 요소를 잘못 누르지 않도록 충분히 확보한다.
Senior,Implement,Clickable,hard,SDF-G7-3,복잡한 동작을 지양한다. 불가피한 경우 단순 누르기로 대체할 수 있는 방법을 함께 제공한다.
Senior,Layout,Clickable,hard,SDF-G7-4,제어 요소와 제어 대상 간 관계를 명확하게 표현한다. 무엇을 조작하는 버튼인지 배치로 드러낸다.
Senior,Flow,Clickable,hard,SDF-G8-1,조작기능 선택 시 그 효과와 결과를 즉각적으로 알 수 있어야 한다. 고령자는 단기 회상이 어려워 결과를 추론하기 힘들다.
Senior,Text,Text,hard,SDF-G8-2,복잡하거나 어려운 과업이 끝났을 때 무엇이 처리되었는지 자세하고 친절하게 알린다.
Senior,Color,Color,hard,SDF-G8-3,조작 결과는 색상 변화만으로 전달하지 않고 텍스트나 형태 변화를 함께 사용한다.
Senior,Text,Text,hard,SDF-G9-1,입력 서식에는 무엇을 어떤 형식으로 입력해야 하는지 미리 안내한다. 오류가 발생하기 전에 경고한다.
Senior,Text,Text,hard,SDF-G9-2,오류 발생 시 무엇이 잘못되었고 어떻게 고쳐야 하는지 함께 알린다. 오류 코드나 원인만 표시하지 않는다.
Senior,Flow,Group,hard,SDF-G9-3,되돌릴 수 없는 처리 전에는 확인 단계를 제공한다. 처리 대상과 내용을 다시 보여주고 사용자가 검토할 수 있게 한다.
Senior,Flow,Group,hard,SDF-G9-4,오류 발생 시 취소하거나 이전 상태로 되돌릴 수 있어야 한다.
Senior,Text,Text,hard,SDF-G10-1,기능에 대한 소개나 설명을 친절하고 자세하게 제공한다. 고령자는 심리적 부담을 느끼면 낯선 시스템 적응이 어렵다.
Senior,Text,Text,hard,SDF-G10-2,사용자가 스스로 해결할 수 있도록 도움말을 조작 지점 가까이에 제공한다.
Senior,Layout,Group,hard,SDF-G10-3,단순한 화면 구성을 제공하여 심리적 압박을 느끼지 않도록 한다.
Senior,Label,Label,hard,SDF-G10-4,사용자를 탓하거나 불안을 유발하는 표현을 사용하지 않는다.
KS,Color,Color,hard,KS-1,"화면의 모든 정보는 색만으로 구분하지 않고 색과 무관하게 인식되도록 한다. 색 외에 문구, 아이콘, 패턴 등을 함께 제공한다."
KS,Text,Text,hard,KS-2,"지시 사항이 모양, 크기, 위치, 방향, 색, 소리 등 한 가지 감각 특성에만 의존하지 않게 한다."
KS,Implement,Group,hard,KS-3,시간 제한이 있는 콘텐츠는 사용자가 응답 시간을 연장하거나 조절할 수 있게 한다.
KS,Flow,Group,hard,KS-4,사용자가 의도하지 않은 화면 전환이나 이벤트가 일어나지 않게 한다.
KS,Layout,Group,hard,KS-5,반복되는 UI 요소는 화면이 바뀌어도 일관된 위치와 형태로 배치한다.

